Workbook

Sheet ① 參數設定
A1: 隔夜策略手續費試算 · 參數設定
A2: 改下面黃色格子的數字，其他分頁會自動重算。
A4: 參數 | B4: 數值 | C4: 說明
A5: 來回交易成本（bps，萬分之一） | B5: 30 | C5: 散戶合理區間 10–30。含手續費＋買賣價差＋滑價
A6: 每年交易日數 | B6: 252 | C6: 用來把期間報酬年化
A7: 起始本金（美元） | B7: 10000 | C7: 只影響金額欄，不影響報酬率
A9: ※ B5 是「一趟來回」的總成本。每天進出一次＝每天付一次這個成本。

Sheet ② 逐日明細（MU）
A1: MU 逐日計算明細 · 看得到每一天的手續費怎麼吃掉報酬
A2: 灰色欄＝原始股價（Yahoo Finance）；其他欄都是公式，可點進去看怎麼算的。
A4: 日期 | B4: 前日收盤 | C4: 今日開盤 | D4: 今日收盤 | E4: 隔夜報酬 | F4: 扣成本後隔夜報酬 | G4: 隔夜累積(無成本) | H4: 隔夜累積(扣成本) | I4: 買著不動累積
A5: 2026-05-19 | B5: 681.54 | C5: 665.58 | D5: 698.74 | E5: =C5/B5-1 | F5: =E5-'① 參數設定'!$B$5/10000 | G5: =1+E5 | H5: =1+F5 | I5: =D5/B5
A6: 2026-05-20 | B6: 698.74 | C6: 734.96 | D6: 731.99 | E6: =C6/B6-1 | F6: =E6-'① 參數設定'!$B$5/10000 | G6: =G5*(1+E6) | H6: =H5*(1+F6) | I6: =I5*(D6/B6)
A7: 2026-05-21 | B7: 731.99 | C7: 736.36 | D7: 762.1 | E7: =C7/B7-1 | F7: =E7-'① 參數設定'!$B$5/10000 | G7: =G6*(1+E7) | H7: =H6*(1+F7) | I7: =I6*(D7/B7)
A8: 2026-05-22 | B8: 762.1 | C8: 756.82 | D8: 751 | E8: =C8/B8-1 | F8: =E8-'① 參數設定'!$B$5/10000 | G8: =G7*(1+E8) | H8: =H7*(1+F8) | I8: =I7*(D8/B8)
A9: 2026-05-26 | B9: 751 | C9: 820.5 | D9: 895.88 | E9: =C9/B9-1 | F9: =E9-'① 參數設定'!$B$5/10000 | G9: =G8*(1+E9) | H9: =H8*(1+F9) | I9: =I8*(D9/B9)
A10: 2026-05-27 | B10: 895.88 | C10: 955.66 | D10: 928.41 | E10: =C10/B10-1 | F10: =E10-'① 參數設定'!$B$5/10000 | G10: =G9*(1+E10) | H10: =H9*(1+F10) | I10: =I9*(D10/B10)
A11: 2026-05-28 | B11: 928.41 | C11: 929.83 | D11: 923.52 | E11: =C11/B11-1 | F11: =E11-'① 參數設定'!$B$5/10000 | G11: =G10*(1+E11) | H11: =H10*(1+F11) | I11: =I10*(D11/B11)
A12: 2026-05-29 | B12: 923.52 | C12: 957 | D12: 971 | E12: =C12/B12-1 | F12: =E12-'① 參數設定'!$B$5/10000 | G12: =G11*(1+E12) | H12: =H11*(1+F12) | I12: =I11*(D12/B12)
A13: 2026-06-01 | B13: 971 | C13: 1009.72 | D13: 1035.5 | E13: =C13/B13-1 | F13: =E13-'① 參數設定'!$B$5/10000 | G13: =G12*(1+E13) | H13: =H12*(1+F13) | I13: =I12*(D13/B13)
A14: 2026-06-02 | B14: 1035.5 | C14: 1050 | D14: 1064.1 | E14: =C14/B14-1 | F14: =E14-'① 參數設定'!$B$5/10000 | G14: =G13*(1+E14) | H14: =H13*(1+F14) | I14: =I13*(D14/B14)
A15: 2026-06-03 | B15: 1064.1 | C15: 1079.01 | D15: 1079.5699 | E15: =C15/B15-1 | F15: =E15-'① 參數設定'!$B$5/10000 | G15: =G14*(1+E15) | H15: =H14*(1+F15) | I15: =I14*(D15/B15)
A16: 2026-06-04 | B16: 1079.5699 | C16: 1007.1 | D16: 996 | E16: =C16/B16-1 | F16: =E16-'① 參數設定'!$B$5/10000 | G16: =G15*(1+E16) | H16: =H15*(1+F16) | I16: =I15*(D16/B16)
A17: 2026-06-05 | B17: 996 | C17: 944.4 | D17: 864.01 | E17: =C17/B17-1 | F17: =E17-'① 參數設定'!$B$5/10000 | G17: =G16*(1+E17) | H17: =H16*(1+F17) | I17: =I16*(D17/B17)
... A70: 2026-08-21 | B70: 974.33 | C70: 989.68 | D70: 966.78 | E70: =C70/B70-1 | F70: =E70-'① 參數設定'!$B$5/10000 | G70: =G69*(1+E70) | H70: =H69*(1+F70) | I70: =I69*(D70/B70)
A72: 期末結果 | G72: =G70-1 | H72: =H70-1 | I72: =I70-1
A73: 交易趟數（每天一趟來回） | B73: 66
A74: 手續費總共吃掉 | B74: =G70/H70-1

Sheet ③ 五支彙總
A1: 五支股票 · 隔夜策略 vs 什麼都不做
A2: 期間 2026-05-16 ~ 2026-08-24（約 3 個月）
A4: 股票 | B4: 交易日數 | C4: 隔夜(無成本) | D4: 扣10bps | E4: 扣30bps | F4: 扣50bps | G4: 買著不動 | H4: 30bps下誰贏
A5: MU | B5: 66 | C5: 0.63548002 | D5: 0.53160728 | E5: 0.34297038 | F5: 0.17725701 | G5: 0.41852285 | H5: =IF(E5>G5,"隔夜贏","抱著贏")
A6: NVDA | B6: 66 | C6: 0.10794402 | D6: 0.037247033 | E6: -0.0910814 | F6: -0.20374393 | G6: -0.034184985 | H6: =IF(E6>G6,"隔夜贏","抱著贏")
A7: AAPL | B7: 66 | C7: -0.077057215 | D7: -0.13610755 | E7: -0.24326641 | F7: -0.33730959 | G7: 0.038644943 | H7: =IF(E7>G7,"隔夜贏","抱著贏")
A8: TSLA | B8: 66 | C8: -0.13623853 | D8: -0.19155827 | E8: -0.29193707 | F8: -0.380018 | G8: -0.11495404 | H8: =IF(E8>G8,"隔夜贏","抱著贏")
A9: SPY | B9: 66 | C9: 0.06787924 | D9: -0.00029348118 | E9: -0.12403404 | F9: -0.2326618 | G9: 0.036647865 | H9: =IF(E9>G9,"隔夜贏","抱著贏")
A11: 結論：扣掉真實手續費後，五支全部輸給「什麼都不做」。
A12: 原因：這招每天要進出一次，3 個月就是 66 趟來回。每趟 30bps，光成本就吃掉約 20%。

Sheet ④ 成本敏感度
A1: 手續費多高才會由賺轉賠？
A2: 橫軸＝來回成本（bps）。看每支股票在哪一格由綠轉紅。
A4: 股票 | B4: 0bps | C4: 5bps | D4: 10bps | E4: 15bps | F4: 20bps | G4: 25bps | H4: 30bps | I4: 40bps | J4: 50bps
A5: MU | B5: 0.63548002 | C5: 0.58270466 | D5: 0.53160728 | E5: 0.4821353 | F5: 0.43423782 | G5: 0.38786546 | H5: 0.34297038 | I5: 0.25742809 | J5: 0.17725701
A6: NVDA | B6: 0.10794402 | C6: 0.072021722 | D6: 0.037247033 | E6: 0.0035838345 | F6: -0.029002872 | G6: -0.060546997 | H6: -0.0910814 | I6: -0.14924741 | J6: -0.20374393
A7: AAPL | B7: -0.077057215 | C7: -0.10706299 | D7: -0.13610755 | E7: -0.16422124 | F7: -0.19143344 | G7: -0.21777263 | H7: -0.24326641 | I7: -0.29182379 | J7: -0.33730959
A8: TSLA | B8: -0.13623853 | C8: -0.16434911 | D8: -0.19155827 | E8: -0.21789448 | F8: -0.24338534 | G8: -0.26805757 | H8: -0.29193707 | I8: -0.33741746 | J8: -0.380018
A9: SPY | B9: 0.06787924 | C9: 0.033239293 | D9: -0.00029348118 | E9: -0.032753942 | F9: -0.064175871 | G9: -0.094591997 | H9: -0.12403404 | I9: -0.18011783 | J9: -0.2326618
A11: 注意：綠色不代表值得做——還要贏過同期「什麼都不做」（見分頁③）。
